"","ID","Description","GeneRatio","BgRatio","RichFactor","FoldEnrichment","zScore","pvalue","p.adjust","qvalue","geneID","Count"
"GO:0044282","GO:0044282","small molecule catabolic process","28/197","359/18842",0.0779944289693593,7.45975142457192,12.7022510779526,1.00846595441295e-16,5.92977981194815e-13,5.92977981194815e-13,"HSD17B10/ABCB11/GCSH/HSD17B14/PAH/GSTZ1/SDSL/BDH2/ALDOB/EHHADH/CYP46A1/ACOX3/SHMT2/ACOX1/ASS1/ACADM/GCAT/GAPDH/LDHB/IDO1/ABAT/DHDH/ECI2/ETFDH/PHYH/ENO3/AMT/PLIN5",28
"GO:0016054","GO:0016054","organic acid catabolic process","22/197","243/18842",0.0905349794238683,8.65918823504836,12.3522188210997,1.11762755395043e-14,2.19055000574285e-11,2.19055000574285e-11,"HSD17B10/ABCB11/GCSH/PAH/GSTZ1/SDSL/BDH2/EHHADH/ACOX3/SHMT2/ACOX1/ASS1/ACADM/GCAT/LDHB/IDO1/ABAT/ECI2/ETFDH/PHYH/AMT/PLIN5",22
"GO:0046395","GO:0046395","carboxylic acid catabolic process","22/197","243/18842",0.0905349794238683,8.65918823504836,12.3522188210997,1.11762755395043e-14,2.19055000574285e-11,2.19055000574285e-11,"HSD17B10/ABCB11/GCSH/PAH/GSTZ1/SDSL/BDH2/EHHADH/ACOX3/SHMT2/ACOX1/ASS1/ACADM/GCAT/LDHB/IDO1/ABAT/ECI2/ETFDH/PHYH/AMT/PLIN5",22
"GO:0002181","GO:0002181","cytoplasmic translation","20/197","215/18842",0.0930232558139535,8.89717860937315,11.9708124650949,1.14922632241067e-13,1.68936269394369e-10,1.68936269394369e-10,"RPL36A/EEF2/RPL3/RPL13/EIF2B3/RPL28/EIF3C/RPS6/RPL18A/EIF2S3/DRG1/RPS12/RPL27/GAPDH/ASCC2/RPS7/RPL13A/RPS27/DENR/RPS20",20
"GO:0019395","GO:0019395","fatty acid oxidation","13/197","96/18842",0.135416666666667,12.9518824027073,12.0676169278941,2.26405049760854e-11,2.66252338518764e-08,2.66252338518764e-08,"HSD17B10/ABCB11/BDH2/EHHADH/ACOX3/ACOX1/POR/ACADM/FABP3/ECI2/ETFDH/PHYH/PLIN5",13
"GO:0034440","GO:0034440","lipid oxidation","13/197","104/18842",0.125,11.9555837563452,11.5158094422292,6.37922678520644e-11,6.25164224950231e-08,6.25164224950231e-08,"HSD17B10/ABCB11/BDH2/EHHADH/ACOX3/ACOX1/POR/ACADM/FABP3/ECI2/ETFDH/PHYH/PLIN5",13
"GO:0006091","GO:0006091","generation of precursor metabolites and energy","23/197","438/18842",0.0525114155251142,5.02243701179797,8.75536163543369,2.19325115897666e-10,1.8423309735404e-07,1.8423309735404e-07,"TKT/NDUFS7/OGDH/ACO2/ALDOB/SUCLG1/PARK7/SHMT2/ACOX1/POR/GPI/ACADM/GAPDH/CYC1/NDUFB11/DHTKD1/ETFDH/GAPDHS/NDUFA12/SDHA/FH/ENO3/NDUFS2",23
"GO:0045333","GO:0045333","cellular respiration","19/197","303/18842",0.0627062706270627,5.99752056423916,9.01439627641574,4.75287957444695e-10,3.20877209343214e-07,3.20877209343214e-07,"NDUFS7/OGDH/ACO2/ALDOB/SUCLG1/PARK7/SHMT2/GPI/GAPDH/CYC1/NDUFB11/DHTKD1/ETFDH/GAPDHS/NDUFA12/SDHA/FH/ENO3/NDUFS2",19
"GO:0009060","GO:0009060","aerobic respiration","18/197","269/18842",0.0669144981412639,6.40001509633348,9.16925347615012,4.91138585729409e-10,3.20877209343214e-07,3.20877209343214e-07,"NDUFS7/OGDH/ACO2/ALDOB/SUCLG1/PARK7/SHMT2/GPI/GAPDH/CYC1/NDUFB11/DHTKD1/GAPDHS/NDUFA12/SDHA/FH/ENO3/NDUFS2",18
"GO:0006635","GO:0006635","fatty acid beta-oxidation","10/197","67/18842",0.149253731343284,14.2753238881733,11.1891333114794,1.83543143932131e-09,1.07923368632093e-06,1.07923368632093e-06,"HSD17B10/ABCB11/BDH2/EHHADH/ACOX3/ACOX1/ACADM/ECI2/ETFDH/PLIN5",10
"GO:0015980","GO:0015980","energy derivation by oxidation of organic compounds","20/197","383/18842",0.0522193211488251,4.99449974155412,8.1182345276211,3.89882853389726e-09,2.0841010708469e-06,2.0841010708469e-06,"NDUFS7/OGDH/ACO2/ALDOB/SUCLG1/PARK7/SHMT2/GPI/ACADM/GAPDH/CYC1/NDUFB11/DHTKD1/ETFDH/GAPDHS/NDUFA12/SDHA/FH/ENO3/NDUFS2",20
"GO:0072329","GO:0072329","monocarboxylic acid catabolic process","12/197","122/18842",0.0983606557377049,9.40767246400932,9.5764968859917,5.79994456557955e-09,2.83115177348497e-06,2.83115177348497e-06,"HSD17B10/ABCB11/BDH2/EHHADH/ACOX3/ACOX1/ACADM/LDHB/ECI2/ETFDH/PHYH/PLIN5",12
"GO:0009062","GO:0009062","fatty acid catabolic process","11/197","98/18842",0.112244897959184,10.7356262301875,9.93229674036531,6.25934915906542e-09,2.83115177348497e-06,2.83115177348497e-06,"HSD17B10/ABCB11/BDH2/EHHADH/ACOX3/ACOX1/ACADM/ECI2/ETFDH/PHYH/PLIN5",11
"GO:0030258","GO:0030258","lipid modification","13/197","166/18842",0.0783132530120482,7.49024524493915,8.63330557656613,2.13576634874505e-08,8.9702186647292e-06,8.97021866472919e-06,"HSD17B10/ABCB11/BDH2/EHHADH/ACOX3/ACOX1/POR/ACADM/FABP3/ECI2/ETFDH/PHYH/PLIN5",13
"GO:0009063","GO:0009063","amino acid catabolic process","11/197","111/18842",0.0990990990990991,9.47830063566104,9.20860223001801,2.34941141049884e-08,9.20969272915545e-06,9.20969272915545e-06,"HSD17B10/GCSH/PAH/GSTZ1/SDSL/SHMT2/ASS1/GCAT/IDO1/ABAT/AMT",11
"GO:0009205","GO:0009205","purine ribonucleoside triphosphate metabolic process","15/197","238/18842",0.0630252100840336,6.02802542336732,8.02392151586429,3.22766926281194e-08,1.18616845408339e-05,1.18616845408339e-05,"NME4/NDUFS7/OGDH/HSPA8/ALDOB/GPI/GAPDH/NDUFB11/DHTKD1/GAPDHS/ATP1B1/NDUFA12/SDHA/ENO3/NDUFS2",15
"GO:0009144","GO:0009144","purine nucleoside triphosphate metabolic process","15/197","243/18842",0.0617283950617284,5.90399197844206,7.90882534227882,4.25233089508486e-08,1.39037799758971e-05,1.39037799758971e-05,"NME4/NDUFS7/OGDH/HSPA8/ALDOB/GPI/GAPDH/NDUFB11/DHTKD1/GAPDHS/ATP1B1/NDUFA12/SDHA/ENO3/NDUFS2",15
"GO:0170040","GO:0170040","proteinogenic amino acid catabolic process","10/197","92/18842",0.108695652173913,10.3961597881262,9.28640382492579,4.25625917629504e-08,1.39037799758971e-05,1.39037799758971e-05,"HSD17B10/GCSH/PAH/GSTZ1/SDSL/SHMT2/ASS1/GCAT/IDO1/AMT",10
"GO:0046034","GO:0046034","ATP metabolic process","14/197","216/18842",0.0648148148148148,6.19919157736417,7.89963073213373,6.64705750143835e-08,2.05708937412934e-05,2.05708937412934e-05,"NDUFS7/OGDH/HSPA8/ALDOB/GPI/GAPDH/NDUFB11/DHTKD1/GAPDHS/ATP1B1/NDUFA12/SDHA/ENO3/NDUFS2",14
"GO:0009141","GO:0009141","nucleoside triphosphate metabolic process","15/197","259/18842",0.0579150579150579,5.53926660525645,7.56104031271377,9.83320104842381e-08,2.79412988445662e-05,2.79412988445662e-05,"NME4/NDUFS7/OGDH/HSPA8/ALDOB/GPI/GAPDH/NDUFB11/DHTKD1/GAPDHS/ATP1B1/NDUFA12/SDHA/ENO3/NDUFS2",15
"GO:0006163","GO:0006163","purine nucleotide metabolic process","19/197","422/18842",0.0450236966824645,4.30627661365987,7.06080945705807,1.02777321233083e-07,2.79412988445662e-05,2.79412988445662e-05,"PC/NME4/TKT/NDUFS7/OGDH/HSPA8/ALDOB/GPI/GAPDH/LDHB/IDO1/NDUFB11/DHTKD1/GAPDHS/ATP1B1/NDUFA12/SDHA/ENO3/NDUFS2",19
"GO:1901606","GO:1901606","alpha-amino acid catabolic process","10/197","101/18842",0.099009900990099,9.46976931195658,8.77283138711881,1.04542274588513e-07,2.79412988445662e-05,2.79412988445662e-05,"HSD17B10/GCSH/PAH/GSTZ1/SDSL/SHMT2/ASS1/GCAT/IDO1/AMT",10
"GO:1901605","GO:1901605","alpha-amino acid metabolic process","13/197","193/18842",0.0673575129533679,6.44238710186476,7.81167565315393,1.26913465608966e-07,3.24457033817704e-05,3.24457033817704e-05,"HSD17B10/GCSH/P4HB/PAH/GSTZ1/SDSL/PARK7/SHMT2/ASS1/GCAT/IDO1/FH/AMT",13
"GO:0098869","GO:0098869","cellular oxidant detoxification","9/197","89/18842",0.101123595505618,9.67193292648149,8.42906553933091,3.84226838696774e-07,9.36038154715246e-05,9.36038154715246e-05,"CAT/PRDX4/PRDX5/GSTZ1/TXNDC2/AMBP/PRDX1/PRDX2/PARK7",9
"GO:0042743","GO:0042743","hydrogen peroxide metabolic process","7/197","45/18842",0.155555555555556,14.878059785674,9.58064248709195,3.97975405916346e-07,9.36038154715246e-05,9.36038154715246e-05,"CAT/PRDX4/PRDX5/PRDX1/PRDX2/PARK7/ACOX1",7
"GO:1990748","GO:1990748","cellular detoxification","10/197","123/18842",0.0813008130081301,7.77598943502125,7.74975276572243,6.69118690140319e-07,0.000145173974873948,0.000145173974873948,"CAT/PRDX4/PRDX5/GSTZ1/TXNDC2/AMBP/PRDX1/PRDX2/SUCLG1/PARK7",10
"GO:0046496","GO:0046496","nicotinamide nucleotide metabolic process","11/197","154/18842",0.0714285714285714,6.83176214648296,7.46934714764351,6.74942820480439e-07,0.000145173974873948,0.000145173974873948,"PC/TKT/OGDH/ALDOB/GPI/GAPDH/LDHB/IDO1/DHTKD1/GAPDHS/ENO3",11
"GO:0009117","GO:0009117","nucleotide metabolic process","19/197","478/18842",0.0397489539748954,3.80177558779177,6.37775081878166,6.91304642256894e-07,0.000145173974873948,0.000145173974873948,"PC/NME4/TKT/NDUFS7/OGDH/HSPA8/ALDOB/GPI/GAPDH/LDHB/IDO1/NDUFB11/DHTKD1/GAPDHS/ATP1B1/NDUFA12/SDHA/ENO3/NDUFS2",19
"GO:0006631","GO:0006631","fatty acid metabolic process","17/197","390/18842",0.0435897435897436,4.16912664323832,6.50060936513537,7.8025739107307e-07,0.000158203912396884,0.000158203912396884,"HSD17B10/ABCB11/ACAT2/BDH2/ACAD9/EHHADH/ACOX3/ACOX1/POR/ACADM/FABP3/ECI2/ETFDH/FASN/PHYH/CYP2J2/PLIN5",17
"GO:0006520","GO:0006520","amino acid metabolic process","14/197","271/18842",0.051660516605166,4.94105306535299,6.71712108394021,1.05346799215677e-06,0.000206479726462727,0.000206479726462727,"HSD17B10/GCSH/P4HB/PAH/GSTZ1/SDSL/PARK7/SHMT2/ASS1/GCAT/IDO1/ABAT/FH/AMT",14
"GO:0072524","GO:0072524","pyridine-containing compound metabolic process","11/197","166/18842",0.0662650602409639,6.33789982264082,7.10045900682886,1.41974938709097e-06,0.00026929439987403,0.00026929439987403,"PC/TKT/OGDH/ALDOB/GPI/GAPDH/LDHB/IDO1/DHTKD1/GAPDHS/ENO3",11
"GO:0097237","GO:0097237","cellular response to toxic substance","10/197","135/18842",0.0740740740740741,7.08479037413048,7.29313623437745,1.57609610939633e-06,0.000289607660101576,0.000289607660101576,"CAT/PRDX4/PRDX5/GSTZ1/TXNDC2/AMBP/PRDX1/PRDX2/SUCLG1/PARK7",10
"GO:0098754","GO:0098754","detoxification","11/197","172/18842",0.063953488372093,6.11681029394404,6.9293942965671,2.01120826588212e-06,0.000358360745557177,0.000358360745557177,"CAT/PRDX4/PRDX5/GSTZ1/TXNDC2/AMBP/PRDX1/PRDX2/SUCLG1/PARK7/AKR7A3",11
"GO:0009150","GO:0009150","purine ribonucleotide metabolic process","15/197","340/18842",0.0441176470588235,4.21961779635712,6.15798084290125,3.07472799905266e-06,0.000524102188141061,0.000524102188141061,"NME4/NDUFS7/OGDH/HSPA8/ALDOB/GPI/GAPDH/NDUFB11/DHTKD1/GAPDHS/ATP1B1/NDUFA12/SDHA/ENO3/NDUFS2",15
"GO:0009636","GO:0009636","response to toxic substance","13/197","256/18842",0.05078125,4.85695590101523,6.38668627807577,3.11965588179203e-06,0.000524102188141061,0.000524102188141061,"CAT/PRDX4/PRDX5/GSTZ1/TXNDC2/AMBP/PRDX1/PRDX2/SUCLG1/PARK7/AKR7A3/ASS1/CPOX",13
"GO:0043648","GO:0043648","dicarboxylic acid metabolic process","8/197","88/18842",0.0909090909090909,8.69497000461467,7.43712713271323,3.89444966045904e-06,0.000636093444541644,0.000636093444541644,"OGDH/SUCLG1/FAHD2A/ASS1/IDO1/PHYH/SDHA/FH",8
"GO:0170039","GO:0170039","proteinogenic amino acid metabolic process","10/197","152/18842",0.0657894736842105,6.29241250333957,6.7340249956627,4.60247391404362e-06,0.000731420178772338,0.000731420178772338,"HSD17B10/GCSH/PAH/GSTZ1/SDSL/SHMT2/ASS1/GCAT/IDO1/AMT",10
"GO:0042744","GO:0042744","hydrogen peroxide catabolic process","5/197","25/18842",0.2,19.1289340101523,9.3233282320038,5.32233030566148e-06,0.000810108730215135,0.000810108730215135,"CAT/PRDX4/PRDX5/PRDX1/PRDX2",5
"GO:0034975","GO:0034975","protein folding in endoplasmic reticulum","4/197","12/18842",0.333333333333333,31.8815566835871,10.9993884895485,5.3731701493861e-06,0.000810108730215135,0.000810108730215135,"P4HB/HSP90B1/PDIA3/CANX",4
"GO:0022900","GO:0022900","electron transport chain","9/197","123/18842",0.0731707317073171,6.99839049151913,6.8604066974003,5.86162184762716e-06,0.000861658411601192,0.000861658411601192,"NDUFS7/PARK7/POR/CYC1/NDUFB11/ETFDH/NDUFA12/SDHA/NDUFS2",9
"GO:0009259","GO:0009259","ribonucleotide metabolic process","15/197","360/18842",0.0416666666666667,3.98519458544839,5.87832111615636,6.14584372441372e-06,0.000881403929257382,0.000881403929257382,"NME4/NDUFS7/OGDH/HSPA8/ALDOB/GPI/GAPDH/NDUFB11/DHTKD1/GAPDHS/ATP1B1/NDUFA12/SDHA/ENO3/NDUFS2",15
"GO:0170033","GO:0170033","L-amino acid metabolic process","10/197","159/18842",0.0628930817610063,6.01538805350701,6.52805328113956,6.87077584078827e-06,0.000961908617710357,0.000961908617710357,"HSD17B10/P4HB/PAH/GSTZ1/SDSL/PARK7/SHMT2/ASS1/GCAT/IDO1",10
"GO:0170035","GO:0170035","L-amino acid catabolic process","8/197","96/18842",0.0833333333333333,7.97038917089678,7.03788604326214,7.48165454144695e-06,0.00101145942371418,0.00101145942371418,"HSD17B10/PAH/GSTZ1/SDSL/SHMT2/ASS1/GCAT/IDO1",8
"GO:0001731","GO:0001731","formation of translation preinitiation complex","4/197","13/18842",0.307692307692308,29.4291292463881,10.5396332858386,7.6977870375158e-06,0.00101145942371418,0.00101145942371418,"EIF2S3/GAPDH/RPL13A/DENR",4
"GO:0019693","GO:0019693","ribose phosphate metabolic process","15/197","367/18842",0.0408719346049046,3.9091826996224,5.78516431758624,7.74076089577178e-06,0.00101145942371418,0.00101145942371418,"NME4/NDUFS7/OGDH/HSPA8/ALDOB/GPI/GAPDH/NDUFB11/DHTKD1/GAPDHS/ATP1B1/NDUFA12/SDHA/ENO3/NDUFS2",15
"GO:1901740","GO:1901740","negative regulation of myoblast fusion","6/197","47/18842",0.127659574468085,12.2099578788206,7.90925611047761,9.0971926390728e-06,0.00116285853734235,0.00116285853734235,"RPL36A/RPL13/RPL28/RPL18A/RPL27/RPL13A",6
"GO:0016052","GO:0016052","carbohydrate catabolic process","10/197","165/18842",0.0606060606060606,5.79664666974312,6.36106795874267,9.52857476038043e-06,0.00119208552321355,0.00119208552321355,"HSD17B14/OGDH/ALDOB/GPI/GAPDH/DHTKD1/DHDH/MAN2C1/GAPDHS/ENO3",10
"GO:0034242","GO:0034242","negative regulation of syncytium formation by plasma membrane fusion","6/197","49/18842",0.122448979591837,11.7115922511136,7.71716719628266,1.16436688327617e-05,0.0014263494320133,0.0014263494320133,"RPL36A/RPL13/RPL28/RPL18A/RPL27/RPL13A",6
"GO:0002183","GO:0002183","cytoplasmic translational initiation","6/197","51/18842",0.117647058823529,11.252314123619,7.53591411010229,1.47377103341534e-05,0.00176852524009841,0.00176852524009841,"EIF2B3/EIF3C/EIF2S3/GAPDH/RPL13A/DENR",6
"GO:0016042","GO:0016042","lipid catabolic process","14/197","347/18842",0.0403458213256484,3.85886276861862,5.52503167791254,1.81025324469716e-05,0.00212885781576386,0.00212885781576386,"HSD17B10/GLA/ABCB11/BDH2/EHHADH/CYP46A1/ACOX3/ACOX1/ACADM/FABP3/ECI2/ETFDH/PHYH/PLIN5",14
"GO:0006099","GO:0006099","tricarboxylic acid cycle","5/197","32/18842",0.15625,14.9444796954315,8.11496777685122,1.90090302015971e-05,0.00219162936441944,0.00219162936441944,"OGDH/ACO2/SUCLG1/SDHA/FH",5
"GO:0006979","GO:0006979","response to oxidative stress","15/197","400/18842",0.0375,3.58667512690355,5.3749170693566,2.13539796976858e-05,0.00241464231966139,0.00241464231966139,"EEF2/CAT/PRDX4/PRDX5/AMBP/PSMC5/PRDX1/PRDX2/PARK7/PSMA5/MSRB2/PSMB7/PSMD13/PSMD6/ETFDH",15
"GO:0000377","GO:0000377","RNA splicing, via transesterification reactions with bulged adenosine as nucleophile","14/197","357/18842",0.0392156862745098,3.75077137453966,5.39365012072845,2.47850030474914e-05,0.00260610797230224,0.00260610797230224,"SF3A3/HNRNPUL1/HSPA8/PUF60/DDX5/NCL/PRPF8/HNRNPL/DDX17/HNRNPH3/DDX23/RBM8A/HNRNPK/SRSF3",14
"GO:0000398","GO:0000398","mRNA splicing, via spliceosome","14/197","357/18842",0.0392156862745098,3.75077137453966,5.39365012072845,2.47850030474914e-05,0.00260610797230224,0.00260610797230224,"SF3A3/HNRNPUL1/HSPA8/PUF60/DDX5/NCL/PRPF8/HNRNPL/DDX17/HNRNPH3/DDX23/RBM8A/HNRNPK/SRSF3",14
"GO:0006090","GO:0006090","pyruvate metabolic process","8/197","113/18842",0.0707964601769911,6.77130407439019,6.32498904504178,2.4820075926688e-05,0.00260610797230224,0.00260610797230224,"OGDH/ALDOB/GPI/GAPDH/LDHB/DHTKD1/GAPDHS/ENO3",8
"GO:0048024","GO:0048024","regulation of mRNA splicing, via spliceosome","8/197","113/18842",0.0707964601769911,6.77130407439019,6.32498904504178,2.4820075926688e-05,0.00260610797230224,0.00260610797230224,"PUF60/DDX5/PRPF8/HNRNPL/DDX17/RBM8A/HNRNPK/SRSF3",8
"GO:0022904","GO:0022904","respiratory electron transport chain","8/197","114/18842",0.0701754385964912,6.71190667022887,6.28769869157046,2.64570607004553e-05,0.00272925468278381,0.00272925468278381,"NDUFS7/PARK7/CYC1/NDUFB11/ETFDH/NDUFA12/SDHA/NDUFS2",8
"GO:0000375","GO:0000375","RNA splicing, via transesterification reactions","14/197","361/18842",0.038781163434903,3.70921158091596,5.34241578430403,2.8013517413913e-05,0.00280716060098671,0.00280716060098671,"SF3A3/HNRNPUL1/HSPA8/PUF60/DDX5/NCL/PRPF8/HNRNPL/DDX17/HNRNPH3/DDX23/RBM8A/HNRNPK/SRSF3",14
"GO:0000380","GO:0000380","alternative mRNA splicing, via spliceosome","7/197","84/18842",0.0833333333333333,7.97038917089679,6.58123346817182,2.81670876629619e-05,0.00280716060098671,0.00280716060098671,"HNRNPUL1/PUF60/DDX5/HNRNPL/DDX17/RBM8A/SRSF3",7
"GO:0006096","GO:0006096","glycolytic process","7/197","85/18842",0.0823529411764706,7.8766198865333,6.53140608508621,3.04261407333379e-05,0.00295632422328821,0.00295632422328821,"OGDH/ALDOB/GPI/GAPDH/DHTKD1/GAPDHS/ENO3",7
"GO:0043484","GO:0043484","regulation of RNA splicing","10/197","189/18842",0.0529100529100529,5.06056455295034,5.76695908312656,3.09374746922527e-05,0.00295632422328821,0.00295632422328821,"FAM50A/PUF60/DDX5/PRPF8/HNRNPL/DDX17/HNRNPH3/RBM8A/HNRNPK/SRSF3",10
"GO:1901739","GO:1901739","regulation of myoblast fusion","6/197","58/18842",0.103448275862069,9.89427621214773,6.97323760231254,3.11721261639233e-05,0.00295632422328821,0.00295632422328821,"RPL36A/RPL13/RPL28/RPL18A/RPL27/RPL13A",6
"GO:0046032","GO:0046032","ADP catabolic process","7/197","87/18842",0.0804597701149425,7.69554816500379,6.43414915806062,3.53924012390857e-05,0.00330329078231466,0.00330329078231466,"OGDH/ALDOB/GPI/GAPDH/DHTKD1/GAPDHS/ENO3",7
"GO:0009137","GO:0009137","purine nucleoside diphosphate catabolic process","7/197","89/18842",0.0786516853932584,7.52261449837449,6.33994122886923,4.1006070299692e-05,0.00370947220557213,0.00370947220557213,"OGDH/ALDOB/GPI/GAPDH/DHTKD1/GAPDHS/ENO3",7
"GO:0009181","GO:0009181","purine ribonucleoside diphosphate catabolic process","7/197","89/18842",0.0786516853932584,7.52261449837449,6.33994122886923,4.1006070299692e-05,0.00370947220557213,0.00370947220557213,"OGDH/ALDOB/GPI/GAPDH/DHTKD1/GAPDHS/ENO3",7
"GO:0046394","GO:0046394","carboxylic acid biosynthetic process","13/197","327/18842",0.0397553516819572,3.80238749437278,5.25465368362244,4.21854683309005e-05,0.00375834172402568,0.00375834172402568,"HSD17B10/ABCB11/OSBP/PAH/PARK7/EHHADH/CYP46A1/SHMT2/ACOX1/ASS1/IDO1/ABAT/FASN",13
"GO:0019364","GO:0019364","pyridine nucleotide catabolic process","7/197","90/18842",0.0777777777777778,7.439029892837,6.29392832463261,4.40753122487881e-05,0.00386810203019215,0.00386810203019215,"OGDH/ALDOB/GPI/GAPDH/DHTKD1/GAPDHS/ENO3",7
"GO:0016053","GO:0016053","organic acid biosynthetic process","13/197","331/18842",0.0392749244712991,3.75643719232598,5.20057126080312,4.77855864783401e-05,0.00413204777195058,0.00413204777195058,"HSD17B10/ABCB11/OSBP/PAH/PARK7/EHHADH/CYP46A1/SHMT2/ACOX1/ASS1/IDO1/ABAT/FASN",13
"GO:0046031","GO:0046031","ADP metabolic process","7/197","93/18842",0.0752688172043011,7.19906118661645,6.16002162461591,5.44329769225631e-05,0.0045723700614953,0.0045723700614953,"OGDH/ALDOB/GPI/GAPDH/DHTKD1/GAPDHS/ENO3",7
"GO:0072526","GO:0072526","pyridine-containing compound catabolic process","7/197","93/18842",0.0752688172043011,7.19906118661645,6.16002162461591,5.44329769225631e-05,0.0045723700614953,0.0045723700614953,"OGDH/ALDOB/GPI/GAPDH/DHTKD1/GAPDHS/ENO3",7
"GO:0009191","GO:0009191","ribonucleoside diphosphate catabolic process","7/197","94/18842",0.074468085106383,7.12247542931202,6.1167030801479,5.82982231127521e-05,0.00482807819581665,0.00482807819581665,"OGDH/ALDOB/GPI/GAPDH/DHTKD1/GAPDHS/ENO3",7
"GO:0060142","GO:0060142","regulation of syncytium formation by plasma membrane fusion","6/197","65/18842",0.0923076923076923,8.82873877391644,6.498891271607,5.98721792632618e-05,0.00488956130649971,0.00488956130649971,"RPL36A/RPL13/RPL28/RPL18A/RPL27/RPL13A",6
"GO:0009134","GO:0009134","nucleoside diphosphate catabolic process","7/197","95/18842",0.0736842105263158,7.04750200374032,6.07401454976998,6.23851659908817e-05,0.00500912915911792,0.00500912915911792,"OGDH/ALDOB/GPI/GAPDH/DHTKD1/GAPDHS/ENO3",7
"GO:0008380","GO:0008380","RNA splicing","16/197","492/18842",0.032520325203252,3.1103957740085,4.87564772711991,6.30400608460418e-05,0.00500912915911792,0.00500912915911792,"AKAP8L/SF3A3/HNRNPUL1/HSPA8/FAM50A/PUF60/DDX5/NCL/PRPF8/HNRNPL/DDX17/HNRNPH3/DDX23/RBM8A/HNRNPK/SRSF3",16
"GO:0045454","GO:0045454","cell redox homeostasis","5/197","43/18842",0.116279069767442,11.1214732617164,6.8299021233407,8.27784519245626e-05,0.0064898306308857,0.0064898306308857,"PRDX4/PRDX5/TXNDC2/PRDX1/PRDX2",5
"GO:0000381","GO:0000381","regulation of alternative mRNA splicing, via spliceosome","6/197","69/18842",0.0869565217391304,8.31692783050099,6.25878986689816,8.39380425718493e-05,0.00649415382003255,0.00649415382003255,"PUF60/DDX5/HNRNPL/DDX17/RBM8A/SRSF3",6
"GO:0042176","GO:0042176","regulation of protein catabolic process","14/197","401/18842",0.0349127182044888,3.33921541324354,4.86691838292656,8.69499911752776e-05,0.00663981750793029,0.00663981750793029,"PDCL3/LRP1/PSMC5/PARK7/SNX3/PSMA5/FLNA/CHMP6/PSMB7/PSMD13/RPS7/PSMD6/SNX12/USP5",14
"GO:0050684","GO:0050684","regulation of mRNA processing","8/197","135/18842",0.0592592592592593,5.66783229930438,5.59479206100325,8.83644979164138e-05,0.0066613236890835,0.0066613236890835,"PUF60/DDX5/PRPF8/HNRNPL/DDX17/RBM8A/HNRNPK/SRSF3",8
"GO:0006119","GO:0006119","oxidative phosphorylation","8/197","139/18842",0.0575539568345324,5.50472921155461,5.47929075988939,0.00010839455891047,0.00785098487190463,0.00785098487190463,"NDUFS7/PARK7/SHMT2/CYC1/NDUFB11/NDUFA12/SDHA/NDUFS2",8
"GO:0072522","GO:0072522","purine-containing compound biosynthetic process","11/197","264/18842",0.0416666666666667,3.98519458544839,5.02087053881539,0.000109364985412936,0.00785098487190463,0.00785098487190463,"NME4/NDUFS7/OGDH/IDO1/NDUFB11/PPT2/PPCS/FASN/NDUFA12/SDHA/NDUFS2",11
"GO:0005996","GO:0005996","monosaccharide metabolic process","10/197","220/18842",0.0454545454545455,4.34748500230734,5.13358447861362,0.000110658707863282,0.00785098487190463,0.00785098487190463,"PC/HSD17B14/ALDOB/GPI/ACADM/GAPDH/DHDH/MAN2C1/GAPDHS/ENO3",10
"GO:0009135","GO:0009135","purine nucleoside diphosphate metabolic process","7/197","104/18842",0.0673076923076923,6.4376220226474,5.71568073635594,0.000110821725232667,0.00785098487190463,0.00785098487190463,"OGDH/ALDOB/GPI/GAPDH/DHTKD1/GAPDHS/ENO3",7
"GO:0009179","GO:0009179","purine ribonucleoside diphosphate metabolic process","7/197","104/18842",0.0673076923076923,6.4376220226474,5.71568073635594,0.000110821725232667,0.00785098487190463,0.00785098487190463,"OGDH/ALDOB/GPI/GAPDH/DHTKD1/GAPDHS/ENO3",7
"GO:0006544","GO:0006544","glycine metabolic process","3/197","10/18842",0.3,28.6934010152284,9.00392701133967,0.000127964553853605,0.00892456162045219,0.00892456162045219,"GCSH/SHMT2/AMT",3
"GO:0034976","GO:0034976","response to endoplasmic reticulum stress","11/197","269/18842",0.0408921933085502,3.91112033664824,4.94309734141801,0.000129011520023544,0.00892456162045219,0.00892456162045219,"EEF2/P4HB/CCDC47/HSP90B1/RCN3/PDIA3/PARK7/MANF/UBXN4/SEL1L/CANX",11
"GO:1901293","GO:1901293","nucleoside phosphate biosynthetic process","12/197","318/18842",0.0377358490566038,3.6092328321042,4.82350688184024,0.000136300709356202,0.00931916477923797,0.00931916477923797,"NME4/NDUFS7/OGDH/UAP1L1/IDO1/NDUFB11/PPT2/PPCS/FASN/NDUFA12/SDHA/NDUFS2",12
"GO:0006457","GO:0006457","protein folding","10/197","230/18842",0.0434782608695652,4.1584639152505,4.95389970360661,0.00015921190132062,0.0107605285030488,0.0107605285030488,"TCP1/P4HB/PDCL3/HSPA8/CCDC47/HSP90B1/PDIA3/UGGT1/CANX/DNAJB11",10
"GO:0007520","GO:0007520","myoblast fusion","6/197","78/18842",0.0769230769230769,7.35728231159703,5.78309039870078,0.00016638808916661,0.0110619894669842,0.0110619894669842,"RPL36A/RPL13/RPL28/RPL18A/RPL27/RPL13A",6
"GO:0072523","GO:0072523","purine-containing compound catabolic process","8/197","148/18842",0.0540540540540541,5.16998216490602,5.2350137900051,0.000167434874585305,0.0110619894669842,0.0110619894669842,"OGDH/ALDOB/SUCLG1/GPI/GAPDH/DHTKD1/GAPDHS/ENO3",8
"GO:0031647","GO:0031647","regulation of protein stability","13/197","376/18842",0.0345744680851064,3.30686359218058,4.64443956167654,0.000171373356463259,0.0111963926222662,0.0111963926222662,"TCP1/DDOST/PDCL3/HSPA8/A1CF/PARK7/FLNA/GAPDH/RPAP3/NAPG/USP5/SEL1L/ATP1B1",13
"GO:0050821","GO:0050821","protein stabilization","10/197","237/18842",0.0421940928270042,4.03564008653002,4.83407639003175,0.000202977804229505,0.0131154888886757,0.0131154888886757,"TCP1/PDCL3/A1CF/PARK7/FLNA/GAPDH/RPAP3/NAPG/SEL1L/ATP1B1",10
"GO:0046365","GO:0046365","monosaccharide catabolic process","5/197","52/18842",0.0961538461538462,9.19660288949629,6.0838159986181,0.000207121262280053,0.0132377502413773,0.0132377502413773,"HSD17B14/ALDOB/GAPDH/DHDH/ENO3",5
"GO:0009185","GO:0009185","ribonucleoside diphosphate metabolic process","7/197","117/18842",0.0598290598290598,5.72233068679769,5.2667451924209,0.000230855365289257,0.014596016644095,0.014596016644095,"OGDH/ALDOB/GPI/GAPDH/DHTKD1/GAPDHS/ENO3",7
"GO:0009154","GO:0009154","purine ribonucleotide catabolic process","7/197","120/18842",0.0583333333333333,5.57927241962775,5.17267124182113,0.000269724033510259,0.0168720991174503,0.0168720991174503,"OGDH/ALDOB/GPI/GAPDH/DHTKD1/GAPDHS/ENO3",7
"GO:0019318","GO:0019318","hexose metabolic process","9/197","203/18842",0.0443349753694581,4.24040409092046,4.77133357979915,0.000293425421580096,0.0181614892514839,0.0181614892514839,"PC/HSD17B14/ALDOB/GPI/ACADM/GAPDH/MAN2C1/GAPDHS/ENO3",9
"GO:0009132","GO:0009132","nucleoside diphosphate metabolic process","7/197","122/18842",0.0573770491803279,5.48780893733877,5.11169868918229,0.000298440095006743,0.018279455819163,0.018279455819163,"OGDH/ALDOB/GPI/GAPDH/DHTKD1/GAPDHS/ENO3",7
"GO:0000768","GO:0000768","syncytium formation by plasma membrane fusion","6/197","88/18842",0.0681818181818182,6.52122750346101,5.33622234358905,0.00032203860306787,0.0195215153199904,0.0195215153199904,"RPL36A/RPL13/RPL28/RPL18A/RPL27/RPL13A",6
"GO:0140253","GO:0140253","cell-cell fusion","6/197","89/18842",0.0674157303370786,6.447955284321,5.29537907363839,0.000342354207846292,0.0205412524707775,0.0205412524707775,"RPL36A/RPL13/RPL28/RPL18A/RPL27/RPL13A",6
"GO:0042177","GO:0042177","negative regulation of protein catabolic process","7/197","125/18842",0.056,5.35610152284264,5.02271774261646,0.000346070264543192,0.0205544763183229,0.0205544763183229,"PDCL3/PARK7/SNX3/FLNA/RPS7/SNX12/USP5",7
"GO:0006949","GO:0006949","syncytium formation","6/197","90/18842",0.0666666666666667,6.37631133671743,5.25515780596887,0.000363659843246114,0.0213831987828715,0.0213831987828715,"RPL36A/RPL13/RPL28/RPL18A/RPL27/RPL13A",6
"GO:0033540","GO:0033540","fatty acid beta-oxidation using acyl-CoA oxidase","3/197","14/18842",0.214285714285714,20.4952864394489,7.50059019074248,0.00037635365434152,0.0219104899755261,0.0219104899755261,"EHHADH/ACOX3/ACOX1",3
"GO:0006413","GO:0006413","translational initiation","7/197","128/18842",0.0546875,5.23056789340102,4.93655790291814,0.0003996092250908,0.0228126431411059,0.0228126431411059,"METAP2/EIF2B3/EIF3C/EIF2S3/GAPDH/RPL13A/DENR",7
"GO:0009261","GO:0009261","ribonucleotide catabolic process","7/197","128/18842",0.0546875,5.23056789340102,4.93655790291814,0.0003996092250908,0.0228126431411059,0.0228126431411059,"OGDH/ALDOB/GPI/GAPDH/DHTKD1/GAPDHS/ENO3",7
"GO:0022618","GO:0022618","protein-RNA complex assembly","10/197","259/18842",0.0386100386100386,3.6928444035043,4.48546138867104,0.000411517648036452,0.0232665747159071,0.0232665747159071,"SF3A3/PUF60/EIF3C/RPS6/EIF2S3/GAPDH/PRPF8/DDX23/RPL13A/DENR",10
"GO:0009895","GO:0009895","negative regulation of catabolic process","12/197","360/18842",0.0333333333333333,3.18815566835871,4.30882520471214,0.000423288124606651,0.0237041349779725,0.0237041349779725,"TAF15/PDCL3/A1CF/PARK7/SNX3/FLNA/CRYZ/RPS7/SNX12/USP5/LARP1B/PLIN5",12
"GO:0006195","GO:0006195","purine nucleotide catabolic process","7/197","130/18842",0.0538461538461538,5.15009761811792,4.88060632074438,0.000438840256636778,0.0243432142360779,0.0243432142360779,"OGDH/ALDOB/GPI/GAPDH/DHTKD1/GAPDHS/ENO3",7
"GO:0042773","GO:0042773","ATP synthesis coupled electron transport","6/197","96/18842",0.0625,5.97779187817259,5.02599368940935,0.000514198098003188,0.0279952297801736,0.0279952297801736,"NDUFS7/PARK7/CYC1/NDUFA12/SDHA/NDUFS2",6
"GO:0042775","GO:0042775","mitochondrial ATP synthesis coupled electron transport","6/197","96/18842",0.0625,5.97779187817259,5.02599368940935,0.000514198098003188,0.0279952297801736,0.0279952297801736,"NDUFS7/PARK7/CYC1/NDUFA12/SDHA/NDUFS2",6
"GO:1901292","GO:1901292","nucleoside phosphate catabolic process","8/197","175/18842",0.0457142857142857,4.37232777374909,4.60697052755208,0.000519247620125424,0.0280107890489678,0.0280107890489678,"OGDH/ALDOB/SUCLG1/GPI/GAPDH/DHTKD1/GAPDHS/ENO3",8
"GO:0006699","GO:0006699","bile acid biosynthetic process","4/197","36/18842",0.111111111111111,10.6271855611957,5.94300740389314,0.000525426903456454,0.0280864562938541,0.0280864562938541,"HSD17B10/ABCB11/OSBP/CYP46A1",4
"GO:0071826","GO:0071826","protein-RNA complex organization","10/197","268/18842",0.0373134328358209,3.56883097204334,4.3536558852192,0.000537383292915988,0.0284667906517658,0.0284667906517658,"SF3A3/PUF60/EIF3C/RPS6/EIF2S3/GAPDH/PRPF8/DDX23/RPL13A/DENR",10
"GO:0006575","GO:0006575","modified amino acid metabolic process","8/197","179/18842",0.0446927374301676,4.27462212517369,4.52481547735,0.000602758452487783,0.0316448187556086,0.0316448187556086,"P4HB/CHDH/GSTZ1/PARK7/SHMT2/ASS1/POR/ACADM",8
"GO:0008652","GO:0008652","amino acid biosynthetic process","5/197","67/18842",0.0746268656716418,7.13766194408667,5.17314065492299,0.000678214362091311,0.0352911544167868,0.0352911544167868,"PAH/PARK7/SHMT2/ASS1/ABAT",5
"GO:0055091","GO:0055091","phospholipid homeostasis","3/197","17/18842",0.176470588235294,16.8784711854285,6.73239436062277,0.000687006202768584,0.0354350567743796,0.0354350567743796,"ABCB11/RCN3/FABP3",3
"GO:0042776","GO:0042776","proton motive force-driven mitochondrial ATP synthesis","5/197","68/18842",0.0735294117647059,7.03269632726187,5.12261135730656,0.000725905592292141,0.0371158685450243,0.0371158685450243,"NDUFS7/NDUFB11/NDUFA12/SDHA/NDUFS2",5
"GO:0060538","GO:0060538","skeletal muscle organ development","6/197","103/18842",0.058252427184466,5.57153417771426,4.78201871843424,0.000746716335714629,0.0378507935689829,0.0378507935689829,"EEF2/DDX5/ASS1/BASP1/MYL6/DDX17",6
"GO:0072330","GO:0072330","monocarboxylic acid biosynthetic process","9/197","232/18842",0.0387931034482759,3.7103535795554,4.26973233497449,0.0007710394492413,0.0387496748849474,0.0387496748849474,"HSD17B10/ABCB11/OSBP/PARK7/EHHADH/CYP46A1/SHMT2/ACOX1/FASN",9
"GO:0006417","GO:0006417","regulation of translation","13/197","443/18842",0.0293453724604966,2.8067284665009,3.95550132844093,0.000812211203099671,0.0401497956324091,0.0401497956324091,"EEF2/METAP2/EIF2B3/EIF3C/EIF2S3/SHMT2/MRPL44/GAPDH/NCL/RPL13A/LARP1B/RBM8A/METAP1",13
"GO:0006577","GO:0006577","amino-acid betaine metabolic process","3/197","18/18842",0.166666666666667,15.9407783417936,6.51864622800368,0.000818083323995981,0.0401497956324091,0.0401497956324091,"CHDH/POR/ACADM",3
"GO:0006941","GO:0006941","striated muscle contraction","9/197","234/18842",0.0384615384615385,3.67864115579852,4.23815183193233,0.000819383584334879,0.0401497956324091,0.0401497956324091,"RPL36A/EEF2/RPL13/RPL28/RPL18A/RPL27/FLNA/ATP1B1/RPL13A",9
"GO:0006637","GO:0006637","acyl-CoA metabolic process","6/197","106/18842",0.0566037735849057,5.41384924815631,4.68420489782227,0.000868202881309164,0.0421903548933709,0.0421903548933709,"OGDH/SUCLG1/HMGCS1/PPT2/PPCS/FASN",6
"GO:0009072","GO:0009072","aromatic amino acid metabolic process","4/197","42/18842",0.0952380952380952,9.10901619531061,5.40776464818207,0.000950808149898416,0.0458258354213335,0.0458258354213335,"PAH/GSTZ1/PARK7/IDO1",4
"GO:0009145","GO:0009145","purine nucleoside triphosphate biosynthetic process","6/197","110/18842",0.0545454545454545,5.21698200276881,4.55942325071497,0.00105324520334964,0.0499442080298055,0.0499442080298055,"NME4/NDUFS7/NDUFB11/NDUFA12/SDHA/NDUFS2",6
"GO:0009206","GO:0009206","purine ribonucleoside triphosphate biosynthetic process","6/197","110/18842",0.0545454545454545,5.21698200276881,4.55942325071497,0.00105324520334964,0.0499442080298055,0.0499442080298055,"NME4/NDUFS7/NDUFB11/NDUFA12/SDHA/NDUFS2",6
